,URL
0,https://www.tichyseinblick.de/kolumnen/aus-aller-welt/nes-england-neue-regeln-pubertaetsblocker-kinder/
1,https://www.tichyseinblick.de/meinungen/meldestellen-im-netz-gruene-zensur-gelbe-heuchelei/
2,https://www.tichyseinblick.de/meinungen/schlaf-buerger-schlaf/
3,https://www.tichyseinblick.de/meinungen/netzdg-herr-maas-so-geht-gesetzgebung-richtig/
4,https://www.tichyseinblick.de/kolumnen/aus-aller-welt/reaktion-musk-twitter-kauf-linke-blase-fuerchtet-meinungsfreiheit/
5,https://www.tichyseinblick.de/daili-es-sentials/union-laesst-merkel-maas-und-bundeskabinett-mit-netzdg-im-regen-stehen/
6,https://www.tichyseinblick.de/daili-es-sentials/bundesbeauftragter-lehmann-queerfeindlichkeit/
7,https://www.tichyseinblick.de/daili-es-sentials/netzdg-afd-und-die-linke/
8,https://www.tichyseinblick.de/meinungen/konformitaet-alles-ist-gesagt-nichts-ist-erreicht/
9,https://www.tichyseinblick.de/feuilleton/buecher/wie-die-pc-ideologie-die-freiheit-zerstoert/
10,https://www.tichyseinblick.de/meinungen/plaedoyer-zum-netzdg/
11,https://www.tichyseinblick.de/meinungen/auch-fuer-die-politik-gilt-das-gebot-du-sollst-nicht-stehlen/
12,https://www.tichyseinblick.de/kolumnen/alexander-wallasch-heute/verschaerfung-des-netzdg-bundesregierung-versus-bevoelkerung/
13,https://www.tichyseinblick.de/meinungen/netzdg-maas-netzwerkdurchsetzungsgesetz/
14,https://www.tichyseinblick.de/meinungen/her-mit-den-passwoertern-was-schert-die-justizministerin-unsere-verfassung/
15,https://www.tichyseinblick.de/meinungen/maas-ministerium-warnt-vor-verfolgung-kritischer-meinung-in-der-tuerkei/
16,https://www.tichyseinblick.de/gastbeitrag/netzdg-vorbild-heimtueckegesetz/
17,https://www.tichyseinblick.de/meinungen/liberale-identitaet-verloren-ade-fdp/
18,https://www.tichyseinblick.de/kolumnen/josef-kraus-lernen-und-bildung/aussenminister-heiko-maas-gendert-auch-buecherverbrenner/
19,https://www.tichyseinblick.de/kolumnen/spahns-spitzwege/vorsicht-vor-willkuerrecht/
20,https://www.tichyseinblick.de/video/kommentar/das-netzdg-als-kapitulation-des-rechtsstaats-muss-weg/
21,https://www.tichyseinblick.de/gastbeitrag/das-luegenreich-wie-putins-propaganda-die-russische-sprache-manipuliert/
22,https://www.tichyseinblick.de/daili-es-sentials/steinhoefel-konten-von-spd-und-cdu-fuer-facebook-gepfaendet/
23,https://www.tichyseinblick.de/meinungen/merkel-will-parteien-bestrafen-die-desinformation-verbreiten/
24,https://www.tichyseinblick.de/meinungen/die-angst-der-eliten-vor-der-demokratie/
25,https://www.tichyseinblick.de/meinungen/gute-trauer-schlechte-trauer/
26,https://www.tichyseinblick.de/daili-es-sentials/meinungsmache-im-bundestag/
27,https://www.tichyseinblick.de/daili-es-sentials/deutsches-gericht-stoppt-erstmals-zensur-durch-facebook/
28,https://www.tichyseinblick.de/daili-es-sentials/erdogan-fuehrt-neues-zensurgesetz-ein-made-in-germany/
29,https://www.tichyseinblick.de/kolumnen/alexander-wallasch-heute/kindesmissbrauch-ist-fuer-justizministerin-kein-verbrechen-lediglich-ein-vergehen/
30,https://www.tichyseinblick.de/daili-es-sentials/netzdg-und-fdp/
31,https://www.tichyseinblick.de/kolumnen/aus-aller-welt/eu-digital-services-act/
32,https://www.tichyseinblick.de/gastbeitrag/meinungsfreiheit-in-gefahr-isolieren-und-zersetzen/
33,https://www.tichyseinblick.de/meinungen/die-macht-der-minderheiten/
34,https://www.tichyseinblick.de/meinungen/netzdg-laenderminister-fuer-eine-verschaerfung/
35,https://www.tichyseinblick.de/meinungen/der-koenig-will-dein-passwort-sehen/
36,https://www.tichyseinblick.de/daili-es-sentials/auf-druck-keine-raeumlichkeiten-zur-verfuegung-stellen-klima-in-deutschland-2019/
37,https://www.tichyseinblick.de/meinungen/der-zweck-der-eu-ist-die-eu-nicht-du/
38,https://www.tichyseinblick.de/meinungen/netzdg-das-gesetz-das-keiner-anwenden-kann/
39,https://www.tichyseinblick.de/feuilleton/medien/2018-das-jahr-der-unerwarteten-allianzen/
40,https://www.tichyseinblick.de/kolumnen/alexander-wallasch-heute/im-windschatten-von-corona-ministerpraesident-kretschmer-mit-der-heckenschere-an-meinungsfreiheit/
41,https://www.tichyseinblick.de/meinungen/netzdg-freie-meinungsaeusserung-von-gerichten-durchgesetzt/
42,https://www.tichyseinblick.de/kolumnen/alexander-wallasch-heute/kritik-am-un-migrationspakt-folgt-merz-nun-ministerpraesident-kretschmer-cdu/
43,https://www.tichyseinblick.de/daili-es-sentials/cdu-csu-will-mehr-netzdg/
44,https://www.tichyseinblick.de/kolumnen/benehmen-sie-sich/benehmen-sie-sich-anstand-ist-das-innerste/
45,https://www.tichyseinblick.de/meinungen/sensation-merkels-heimliche-liebe-zu-gepfefferten-argumenten/
46,https://www.tichyseinblick.de/daili-es-sentials/stimmen-zum-geplanten-netzwerkdurchsetzungsgesetz/
47,https://www.tichyseinblick.de/kolumnen/alexander-wallasch-heute/g20-gewalt-am-ende-verlieren-wir-alle/
48,https://www.tichyseinblick.de/kolumnen/spahns-spitzwege/netzdg-und-so-weiter-die-gedanken-sind-frei-wie-lange-noch/
49,https://www.tichyseinblick.de/feuilleton/medien/battleground-germany-habeck-musk-meinungsfreiheit/
50,https://www.tichyseinblick.de/kolumnen/alexander-wallasch-heute/facebook-hidschab-fuer-birgit-kelle/
51,https://www.tichyseinblick.de/kolumnen/aus-aller-welt/frankreich-pawel-durow/
52,https://www.tichyseinblick.de/kolumnen/alexander-wallasch-heute/marshallplan-fuer-demokratie-heiko-maas-amerika/
53,https://www.tichyseinblick.de/daili-es-sentials/autoritaere-regime-kopieren-deutsches-netzdg/
54,https://www.tichyseinblick.de/kolumnen/spahns-spitzwege/regeln-die-im-wahlkampf-gelten-das-demokratieverstaendnis-der-akk/
55,https://www.tichyseinblick.de/kolumnen/alexander-wallasch-heute/essener-tafel-medien-politik/
56,https://www.tichyseinblick.de/tichys-einblick/machen-wir-2018-zu-einem-besonderen-jahr/
57,https://www.tichyseinblick.de/daili-es-sentials/verlegerverband-vdz-gegen-netzwerkdurchsetzungsgesetz/
58,https://www.tichyseinblick.de/daili-es-sentials/terreg-uploadfilter-eu-bruessel-internet-facebook-social-media-zensur/
59,https://www.tichyseinblick.de/kolumnen/alexander-wallasch-heute/justizministerin-barley-frontalangriff-auf-meinungsfreiheit-und-pluralismus/
60,https://www.tichyseinblick.de/kolumnen/goergens-feder/lindner-kubicki-und-fdp-ade/
61,https://www.tichyseinblick.de/meinungen/sollte-die-regierung-wirklich-moscheegemeinden-foerdern/
62,https://www.tichyseinblick.de/kolumnen/aus-aller-welt/michael-shellenberger-industrieller-zensurkomplex/
63,https://www.tichyseinblick.de/daili-es-sentials/heiko-maas-und-die-meinungsfreiheit-anno-domini/
64,https://www.tichyseinblick.de/meinungen/die-echten-herausforderungen-des-heiko-maas/
65,https://www.tichyseinblick.de/feuilleton/medien/deutscher-fernsehpreis-meinungsfreiheit/
66,https://www.tichyseinblick.de/meinungen/maas-netzwerkdurchsetzungsgesetz-netzdg/
67,https://www.tichyseinblick.de/video/interview/verfassungssrichter-staatsstreich-hinterzimmer/
68,https://www.tichyseinblick.de/kolumnen/aus-aller-welt/kunst-und-kultur-sind-links/
69,https://www.tichyseinblick.de/daili-es-sentials/schlappe-fuer-maas-wissenschaftlicher-dienst-haelt-netzwerkdurchsetzungsgesetz-fuer-europarechtswidrig/
70,https://www.tichyseinblick.de/daili-es-sentials/der-wissenschaftliche-dienst-wd-soll-abgeordete-und-parlament-unterstuetzen/
71,https://www.tichyseinblick.de/kolumnen/alexander-wallasch-heute/r-i-p-facebook/
72,https://www.tichyseinblick.de/meinungen/netzdg-das-mass-des-rechts/
73,https://www.tichyseinblick.de/daili-es-sentials/infektionsschutzgesetz-pandemie-massnahmen-aufarbeitung/
74,https://www.tichyseinblick.de/kolumnen/josef-kraus-lernen-und-bildung/maas-macht-mobil/
75,https://www.tichyseinblick.de/meinungen/netzdg-das-ende-von-meinungsfreiheit-und-rechtsstaat/
76,https://www.tichyseinblick.de/kolumnen/josef-kraus-lernen-und-bildung/bertelsmann-stiftung-machtpolitik-unter-dem-deckmantel-der-gemeinnuetzigkeit/
77,https://www.tichyseinblick.de/meinungen/denunziation-als-politisches-druckmittel/
78,https://www.tichyseinblick.de/kolumnen/alexander-wallasch-heute/gruenen-parteitag-mogelpackung-fuer-mohikaner/
79,https://www.tichyseinblick.de/meinungen/feind-der-demokratie-das-neue-schimpfwort-gegen-kritiker/
80,https://www.tichyseinblick.de/meinungen/merkel-und-das-netzdg-eine-unaufrichtige-frau/
81,https://www.tichyseinblick.de/meinungen/kampf-um-die-kinder/
82,https://www.tichyseinblick.de/daili-es-sentials/netzwerkdurchsetzungsgesetz-bundesamt-fuer-justiz/
83,https://www.tichyseinblick.de/meinungen/gedanken-zur-gewalt-in-hanau/
84,https://www.tichyseinblick.de/meinungen/ich-bin-guter-dinge/
85,https://www.tichyseinblick.de/meinungen/warum-ist-der-turm-von-pisa-schief/
86,https://www.tichyseinblick.de/gastbeitrag/die-12-stuttgarter-artikel/
87,https://www.tichyseinblick.de/daili-es-sentials/innenpolitischer-kulturkampf/
88,https://www.tichyseinblick.de/kolumnen/agente-provocatrice/netzdg-viel-petze-und-viel-hass/
89,https://www.tichyseinblick.de/daili-es-sentials/die-chinesische-kulturrevolution-made-by-google-und-twitter/
90,https://www.tichyseinblick.de/meinungen/meinungsaeusserungen-legal-aber-verboten/
91,https://www.tichyseinblick.de/meinungen/die-magersucht-der-meinungsfreiheit/
92,https://www.tichyseinblick.de/meinungen/deutsche-journalisten-und-israel-unter-feinden/
93,https://www.tichyseinblick.de/meinungen/cdu-minus-c-und-d-ist-u-ngo-minus-n-und-o-ist-g-demokratie-ohne-recht-ist-unfreiheit/
94,https://www.tichyseinblick.de/meinungen/vertrauenswuerdige-loeschpartner-von-twitter/
95,https://www.tichyseinblick.de/meinungen/wolfgang-kubicki-fdp/
96,https://www.tichyseinblick.de/meinungen/ampel-demokratiefoerdergesetz-buerger/
97,https://www.tichyseinblick.de/meinungen/wissing-bleibt-sich-treu/
98,https://www.tichyseinblick.de/kolumnen/alexander-wallasch-heute/monitor-beitrag-geloescht-georg-restle-verstoesst-gegen-gemeinschaftsrichtlinien/
99,https://www.tichyseinblick.de/meinungen/kein-witz-klage-gegen-facebook/
100,https://www.tichyseinblick.de/meinungen/vom-verlust-oeffentlicher-orte/
101,https://www.tichyseinblick.de/kolumnen/aus-aller-welt/was-man-in-schweden-nicht-mehr-sagen-darf/
102,https://www.tichyseinblick.de/meinungen/jamaika-papers/
103,https://www.tichyseinblick.de/kolumnen/alexander-wallasch-heute/linke-digitale-revolution-aus-dem-3d-drucker/
104,https://www.tichyseinblick.de/gastbeitrag/der-globale-pakt-fuer-migration-eine-weitere-betrachtung/
105,https://www.tichyseinblick.de/kolumnen/blackbox/blackbox-kw-1-das-mass-ab-dem-dummheit-gefaehrlich-wird/
106,https://www.tichyseinblick.de/meinungen/gruene-drehtuere-gruene-macht-gruene-zensur/
107,https://www.tichyseinblick.de/meinungen/trusted-flagger-staatliche-briefkastenfirmen-zensur/
108,https://www.tichyseinblick.de/meinungen/erinnerungsverbrechen-jetzt-neu-oder-auch-nicht/
109,https://www.tichyseinblick.de/meinungen/bbc-berichtet-ueber-netzdg/
110,https://www.tichyseinblick.de/kolumnen/goergens-feder/un-migrationspakt-politiker-und-journalisten-behielten-ihr-wissen-fuer-sich/
111,https://www.tichyseinblick.de/meinungen/so-fuehlt-es-sich-an/
112,https://www.tichyseinblick.de/kolumnen/spahns-spitzwege/merkel-das-netz-und-die-pharisaeer/
113,https://www.tichyseinblick.de/daili-es-sentials/hass-gesetz-der-bundesjustizministerin-verfassungswidrig/
114,https://www.tichyseinblick.de/daili-es-sentials/der-wissenschaftliche-dienst-des-bundestages-netzwerkdurchsetzungsgesetz-verfassungswidrig/
115,https://www.tichyseinblick.de/tichys-einblick/kooperations-koalition-besser-als-merkels-durchwurstel-regierung/
116,https://www.tichyseinblick.de/daili-es-sentials/zensur-gesetz-steinhoefel-in-der-anhoerung-des-bundestages-zum-netzdg/
117,https://www.tichyseinblick.de/daili-es-sentials/schaeuble-bereitet-naechsten-angriff-auf-die-meinungsfreiheit-vor/
118,https://www.tichyseinblick.de/meinungen/es-gibt-kein-leben-im-konjunktiv/
119,https://www.tichyseinblick.de/daili-es-sentials/heiko-maas-verteidigt-netzdg-mit-tendenzioeser-umfrage-und-unwuerdigem-argument/
120,https://www.tichyseinblick.de/daili-es-sentials/was-tut-die-fdp-nach-dem-jamaika-aus/
121,https://www.tichyseinblick.de/meinungen/chaos-und-selbstdemontage-akk-zerlegt-die-letzte-volkspartei/
122,https://www.tichyseinblick.de/kolumnen/the-irony-man/sawsan-chebli-kurzweise-bei-twitter-gesperrt/
123,https://www.tichyseinblick.de/meinungen/telegram-beschraenkung-opposition-weissrussland/
124,https://www.tichyseinblick.de/meinungen/karl-lauterbach-und-der-niedergang-der-spd/
125,https://www.tichyseinblick.de/video/5-vor-12/berlin-plant-netzzensurgesetz-wie-die-buerger-ausspioniert-werden/
126,https://www.tichyseinblick.de/daili-es-sentials/netzdg-gestern-sagte-die-union-stop-heute-go/
127,https://www.tichyseinblick.de/kolumnen/alexander-wallasch-heute/im-bundestag-anschlag-der-gruenen-auf-die-demokratie-vereitelt/
128,https://www.tichyseinblick.de/kolumnen/aus-aller-welt/der-einfluss-von-facebook-twitter-whatsapp-und-co/
129,https://www.tichyseinblick.de/daili-es-sentials/netzdg-pressemitteilungen-fdp-nicola-beer-und-die-piraten/
130,https://www.tichyseinblick.de/meinungen/eu-digital-service-act/
131,https://www.tichyseinblick.de/kolumnen/blackbox/blackbox-kw-40-geniesse-was-frommt-eh-stille-schnee-und-winter-kommt/
132,https://www.tichyseinblick.de/meinungen/abschaffung-informationsfreiheitsgesetz/
133,https://www.tichyseinblick.de/daili-es-sentials/deutsches-netzdg-als-vorbild-fuer-diktatoren-weltweit/
134,https://www.tichyseinblick.de/meinungen/schweden-facebook-kommentare-fuehren-zu-polizeiverhoer/
135,https://www.tichyseinblick.de/gastbeitrag/halali-auf-die-meinungsfreiheit-eu-kommission-erklaert-zensur-im-internet-zur-norm/
136,https://www.tichyseinblick.de/daili-es-sentials/netzdg-schockierende-enthuellung-zum-netzwerkdurchsetzungsgesetz/
137,https://www.tichyseinblick.de/daili-es-sentials/big-tech-zensur-facebook-sperrt-massenhaft-russische-oppositionelle/
138,https://www.tichyseinblick.de/daili-es-sentials/konfetti-parade-im-deutschen-bundestag/
139,https://www.tichyseinblick.de/meinungen/netzdg-redefreiheit/
140,https://www.tichyseinblick.de/kolumnen/alexander-wallasch-heute/heiko-maas-verzweifelt-kaum-hass-im-netz/
141,https://www.tichyseinblick.de/daili-es-sentials/netzdg-loeschorgie-von-kai-aus-der-kiste/
142,https://www.tichyseinblick.de/daili-es-sentials/sonia-mikich-verunglimpft-sebastian-kurz/
143,https://www.tichyseinblick.de/meinungen/dafuer-liessen-sich-viele-patenschaften-uebernehmen/
144,https://www.tichyseinblick.de/meinungen/scholz-verkuendet-ende-der-spaltung-der-gesellschaft/
145,https://www.tichyseinblick.de/kolumnen/aus-aller-welt/oesterreichischer-innenminister-irak-pakistan-migration/
146,https://www.tichyseinblick.de/kolumnen/goergens-feder/frau-merkel-laeuft-ihrer-identitaet-davon-jamaika-soll-folgen/
147,https://www.tichyseinblick.de/daili-es-sentials/verfassungsschutz-afd-programm-verdachstfall/
148,https://www.tichyseinblick.de/meinungen/corona-als-waffe-gegen-das-internet/
149,https://www.tichyseinblick.de/meinungen/die-spd-ein-trauerspiel/
150,https://www.tichyseinblick.de/daili-es-sentials/bundestagsabgeordnete-sind-nicht-mit-dem-parlament-verheiratet/
151,https://www.tichyseinblick.de/meinungen/fdp-beantragt-aufhebung-des-netzdg/
152,https://www.tichyseinblick.de/meinungen/selbes-land-neue-sitten/
153,https://www.tichyseinblick.de/kolumnen/alexander-wallasch-heute/heiko-maas-und-netzdg-ade/
154,https://www.tichyseinblick.de/kolumnen/alexander-wallasch-heute/reporter-ohne-grenzen-bundesregierung-folgt-beim-netzdg-empfehlung-aus-china-und-iran/
155,https://www.tichyseinblick.de/daili-es-sentials/rundfunkgebuehren-und-zensur-der-umfaller-aus-sachsen/
156,https://www.tichyseinblick.de/daili-es-sentials/netzdg-twitter-klick-klick-klick-deinen-rechtsstaat-weg/
157,https://www.tichyseinblick.de/kolumnen/goergens-feder/maas-ade/
158,https://www.tichyseinblick.de/kolumnen/spahns-spitzwege/pakt-und-panik-der-un-migrationspakt/
